{
  "ci": {
    "collect": {
      "staticDistDir": "./dist",
      "numberOfRuns": 1
    },
    "assert": {
      "preset": "lighthouse:recommended",
      "assertions": {
        "categories:performance": ["error", { "minScore": 0.75 }],
        "categories:accessibility": ["error", { "minScore": 0.90 }],
        "categories:best-practices": ["error", { "minScore": 0.85 }],
        "categories:seo": ["error", { "minScore": 0.90 }]
      }
    },
    "upload": {
      "target": "temporary-public-storage"
    }
  }
}